type,institution,sanction_credit,balance,emi,paid_principle,delinquecy,foir,disposable
1_CreditCard,Kotak Mahindra Bank Ltd.,0.0,28964.0,0.0,0.0,False,,
1_CreditCard,Yes Bank,0.0,32920.0,0.0,0.0,False,,
1_CreditCard,Axis Bank Ltd.,0.0,99927.0,0.0,0.0,True,,
1_CreditCard,HDFC Bank Limited,0.0,517.0,0.0,0.0,False,,
2_BusinessLoan,Bajaj Finance Limited,516000.0,378738.0,0.0,137262.0,True,,
3_PersonalLoan,"Si Creva capital  Services 
Private Limite",1426.0,1426.0,1426.0,0.0,True,,
3_PersonalLoan,"Vivifi India Finance Private 
Limite",6100.0,4298.0,0.0,1802.0,False,,
3_PersonalLoan,Apollo Finvest (India) Ltd.,25000.0,15300.0,0.0,9700.0,True,,
4_Others,"HDB Financial Services Pvt. 
Lt",77964.0,65313.0,3327.0,12651.0,False,,
4_Others,"Kisetsu Saison Finance (India) 
Pvt Lt",47000.0,47000.0,0.0,0.0,True,,
4_Others,Kotak Mahindra Bank Ltd.,24999.0,13481.0,0.0,11518.0,False,,
4_Others,"Piramal Capital & Housing 
Finance Lt",21990.0,3701.0,0.0,18289.0,True,,
4_Others,Bajaj Finance Limited,17999.0,17999.0,3000.0,0.0,True,,
4_Others,"7006093 Balance: Rs. 9,131 Open: Yes Date Reported: 31-10-20",0.0,9131.0,0.0,0.0,True,,
4_Others,HDFC Bank Limited,35149.0,35149.0,0.0,0.0,True,,
4_Others,State Bank Of India,110000.0,111765.0,118580.0,0.0,True,,
4_Others,"01010004243230 Balance: Rs. 3,009 Open: Yes Date Reported: 30-09-20",0.0,3009.0,0.0,0.0,True,,
4_Others,Bank of India,900000.0,812065.0,19784.0,87935.0,True,,
4_Others,PNB Housing Finance Ltd,3150000.0,2965860.0,0.0,184140.0,False,,
4_Others,Bajaj Finance Limited,1399.0,463.0,0.0,936.0,False,,
4_Others,Yes Bank,143000.0,142646.0,0.0,354.0,True,,
4_Others,Yes Bank,2848969.0,2087936.0,0.0,761033.0,False,,
4_Others,Union Bank of India,95000.0,95000.0,0.0,0.0,True,,
4_Others,Bank of India,450000.0,451350.0,0.0,0.0,True,,
4_Others,Bank of India,86500.0,47871.0,1442.0,38629.0,False,,
4_Others,Bank of India,33700.0,27109.0,0.0,6591.0,False,,
4_Others,Bank of India,99000.0,109311.0,0.0,0.0,False,,
4_Others,Bank of India,127300.0,134597.0,0.0,0.0,False,,
4_Others,ICICI BANK LIMITED,0.0,-572.0,0.0,572.0,False,,
4_Others,DMI Finance Private Limited,8896.0,5560.0,0.0,3336.0,False,,
4_Others,Bank of India,3500000.0,3281233.0,23348.0,218767.0,True,,
4_Others,Muthoot Finance Limited,34500.0,34500.0,0.0,0.0,True,,
,,,,,,,48000.0,-122907.0
